-- phpMyAdmin SQL Dump
-- version 4.8.5
-- https://www.phpmyadmin.net/
--
-- Host: 127.0.0.1
-- Generation Time: Mar 13, 2020 at 11:28 AM
-- Server version: 10.1.38-MariaDB
-- PHP Version: 7.1.28

SET SQL_MODE = "NO_AUTO_VALUE_ON_ZERO";
SET AUTOCOMMIT = 0;
START TRANSACTION;
SET time_zone = "+00:00";


/*!40101 SET @OLD_CHARACTER_SET_CLIENT=@@CHARACTER_SET_CLIENT */;
/*!40101 SET @OLD_CHARACTER_SET_RESULTS=@@CHARACTER_SET_RESULTS */;
/*!40101 SET @OLD_COLLATION_CONNECTION=@@COLLATION_CONNECTION */;
/*!40101 SET NAMES utf8mb4 */;

--
-- Database: `kioswma`
--

-- --------------------------------------------------------

--
-- Table structure for table `admin`
--

CREATE TABLE `admin` (
  `username` varchar(36) NOT NULL,
  `password` varchar(36) NOT NULL
) ENGINE=InnoDB DEFAULT CHARSET=latin1;

--
-- Dumping data for table `admin`
--

INSERT INTO `admin` (`username`, `password`) VALUES
('admin', 'admin');

-- --------------------------------------------------------

--
-- Table structure for table `daging`
--

CREATE TABLE `daging` (
  `kd_daging` char(3) NOT NULL,
  `jenis` varchar(18) NOT NULL
) ENGINE=InnoDB DEFAULT CHARSET=latin1;

--
-- Dumping data for table `daging`
--

INSERT INTO `daging` (`kd_daging`, `jenis`) VALUES
('D01', 'Super'),
('D02', 'Biasa');

-- --------------------------------------------------------

--
-- Table structure for table `detail_penjualan`
--

CREATE TABLE `detail_penjualan` (
  `kd_detail` int(11) NOT NULL,
  `kd_jual` char(9) NOT NULL,
  `kd_daging` char(3) NOT NULL,
  `jumlah` double NOT NULL
) ENGINE=InnoDB DEFAULT CHARSET=latin1;

--
-- Dumping data for table `detail_penjualan`
--

INSERT INTO `detail_penjualan` (`kd_detail`, `kd_jual`, `kd_daging`, `jumlah`) VALUES
(1, 'TJ-000001', 'D01', 28),
(2, 'TJ-000001', 'D02', 15),
(3, 'TJ-000002', 'D01', 26),
(4, 'TJ-000002', 'D02', 16),
(5, 'TJ-000003', 'D01', 25),
(6, 'TJ-000003', 'D02', 15),
(7, 'TJ-000004', 'D01', 24),
(8, 'TJ-000004', 'D02', 14),
(9, 'TJ-000005', 'D01', 22),
(10, 'TJ-000005', 'D02', 17),
(11, 'TJ-000006', 'D01', 20),
(12, 'TJ-000006', 'D02', 16),
(13, 'TJ-000007', 'D01', 18),
(14, 'TJ-000007', 'D02', 14),
(15, 'TJ-000008', 'D01', 20),
(16, 'TJ-000008', 'D02', 18),
(17, 'TJ-000009', 'D01', 18),
(18, 'TJ-000009', 'D02', 15),
(19, 'TJ-000010', 'D01', 19),
(20, 'TJ-000010', 'D02', 18),
(21, 'TJ-000011', 'D01', 18),
(22, 'TJ-000011', 'D02', 15),
(23, 'TJ-000012', 'D01', 21),
(24, 'TJ-000012', 'D02', 16),
(25, 'TJ-000013', 'D01', 19),
(26, 'TJ-000013', 'D02', 14),
(27, 'TJ-000014', 'D01', 22),
(28, 'TJ-000014', 'D02', 17),
(29, 'TJ-000015', 'D01', 20),
(30, 'TJ-000015', 'D02', 15),
(31, 'TJ-000016', 'D01', 18),
(32, 'TJ-000016', 'D02', 14),
(33, 'TJ-000017', 'D01', 19),
(34, 'TJ-000017', 'D02', 17),
(35, 'TJ-000018', 'D01', 22),
(36, 'TJ-000018', 'D02', 15),
(37, 'TJ-000019', 'D01', 20),
(38, 'TJ-000019', 'D02', 14),
(39, 'TJ-000020', 'D01', 18),
(40, 'TJ-000020', 'D02', 14),
(41, 'TJ-000021', 'D01', 22),
(42, 'TJ-000021', 'D02', 18),
(43, 'TJ-000022', 'D01', 18),
(44, 'TJ-000022', 'D02', 15),
(45, 'TJ-000023', 'D01', 19),
(46, 'TJ-000023', 'D02', 14),
(47, 'TJ-000024', 'D01', 18),
(48, 'TJ-000024', 'D02', 16),
(49, 'TJ-000025', 'D01', 21),
(50, 'TJ-000025', 'D02', 17),
(51, 'TJ-000026', 'D01', 20),
(52, 'TJ-000026', 'D02', 18),
(53, 'TJ-000027', 'D01', 20),
(54, 'TJ-000027', 'D02', 14),
(55, 'TJ-000028', 'D01', 19),
(56, 'TJ-000028', 'D02', 20),
(57, 'TJ-000029', 'D01', 18),
(58, 'TJ-000029', 'D02', 14),
(59, 'TJ-000030', 'D01', 20),
(60, 'TJ-000030', 'D02', 18),
(61, 'TJ-000031', 'D01', 17),
(62, 'TJ-000031', 'D02', 15),
(63, 'TJ-000032', 'D01', 20),
(64, 'TJ-000032', 'D02', 15),
(65, 'TJ-000033', 'D01', 19),
(66, 'TJ-000033', 'D02', 16),
(67, 'TJ-000034', 'D01', 24),
(68, 'TJ-000034', 'D02', 17),
(69, 'TJ-000035', 'D01', 25),
(70, 'TJ-000035', 'D02', 15),
(71, 'TJ-000036', 'D01', 26),
(72, 'TJ-000036', 'D02', 14),
(73, 'TJ-000037', 'D01', 24),
(74, 'TJ-000037', 'D02', 15),
(75, 'TJ-000038', 'D01', 21),
(76, 'TJ-000038', 'D02', 14),
(77, 'TJ-000039', 'D01', 21),
(78, 'TJ-000039', 'D02', 17),
(79, 'TJ-000040', 'D01', 19),
(80, 'TJ-000040', 'D02', 18),
(81, 'TJ-000041', 'D01', 20),
(82, 'TJ-000041', 'D02', 16),
(83, 'TJ-000042', 'D01', 22),
(84, 'TJ-000042', 'D02', 17),
(85, 'TJ-000043', 'D01', 18),
(86, 'TJ-000043', 'D02', 14),
(87, 'TJ-000044', 'D01', 20),
(88, 'TJ-000044', 'D02', 17),
(89, 'TJ-000045', 'D01', 22),
(90, 'TJ-000045', 'D02', 14),
(91, 'TJ-000046', 'D01', 18),
(92, 'TJ-000046', 'D02', 16),
(93, 'TJ-000047', 'D01', 22),
(94, 'TJ-000047', 'D02', 18),
(95, 'TJ-000048', 'D01', 20),
(96, 'TJ-000048', 'D02', 16),
(97, 'TJ-000049', 'D01', 21),
(98, 'TJ-000049', 'D02', 14),
(99, 'TJ-000050', 'D01', 19),
(100, 'TJ-000050', 'D02', 18),
(101, 'TJ-000051', 'D01', 22),
(102, 'TJ-000051', 'D02', 16),
(103, 'TJ-000052', 'D01', 21),
(104, 'TJ-000052', 'D02', 15),
(105, 'TJ-000053', 'D01', 19),
(106, 'TJ-000053', 'D02', 16),
(107, 'TJ-000054', 'D01', 18),
(108, 'TJ-000054', 'D02', 17),
(109, 'TJ-000055', 'D01', 19),
(110, 'TJ-000055', 'D02', 18),
(111, 'TJ-000056', 'D01', 22),
(112, 'TJ-000056', 'D02', 14),
(113, 'TJ-000057', 'D01', 18),
(114, 'TJ-000057', 'D02', 18),
(115, 'TJ-000058', 'D01', 19),
(116, 'TJ-000058', 'D02', 16),
(117, 'TJ-000059', 'D01', 22),
(118, 'TJ-000059', 'D02', 15),
(119, 'TJ-000060', 'D01', 27),
(120, 'TJ-000060', 'D02', 14),
(121, 'TJ-000061', 'D01', 24),
(122, 'TJ-000061', 'D02', 16),
(123, 'TJ-000062', 'D01', 22),
(124, 'TJ-000062', 'D02', 17),
(125, 'TJ-000063', 'D01', 25),
(126, 'TJ-000063', 'D02', 14),
(127, 'TJ-000064', 'D01', 23),
(128, 'TJ-000064', 'D02', 15),
(129, 'TJ-000065', 'D01', 25),
(130, 'TJ-000065', 'D02', 15),
(131, 'TJ-000066', 'D01', 26),
(132, 'TJ-000066', 'D02', 15),
(133, 'TJ-000067', 'D01', 25),
(134, 'TJ-000067', 'D02', 13),
(135, 'TJ-000068', 'D01', 22),
(136, 'TJ-000068', 'D02', 13),
(137, 'TJ-000069', 'D01', 20),
(138, 'TJ-000069', 'D02', 17),
(139, 'TJ-000070', 'D01', 21),
(140, 'TJ-000070', 'D02', 15),
(141, 'TJ-000071', 'D01', 20),
(142, 'TJ-000071', 'D02', 14),
(143, 'TJ-000072', 'D01', 18),
(144, 'TJ-000072', 'D02', 18),
(145, 'TJ-000073', 'D01', 21),
(146, 'TJ-000073', 'D02', 16),
(147, 'TJ-000074', 'D01', 19),
(148, 'TJ-000074', 'D02', 17),
(149, 'TJ-000075', 'D01', 22),
(150, 'TJ-000075', 'D02', 15),
(151, 'TJ-000076', 'D01', 18),
(152, 'TJ-000076', 'D02', 17),
(153, 'TJ-000077', 'D01', 21),
(154, 'TJ-000077', 'D02', 14),
(155, 'TJ-000078', 'D01', 18),
(156, 'TJ-000078', 'D02', 18),
(157, 'TJ-000079', 'D01', 20),
(158, 'TJ-000079', 'D02', 15),
(159, 'TJ-000080', 'D01', 18),
(160, 'TJ-000080', 'D02', 16),
(161, 'TJ-000081', 'D01', 19),
(162, 'TJ-000081', 'D02', 18),
(163, 'TJ-000082', 'D01', 19),
(164, 'TJ-000082', 'D02', 17),
(165, 'TJ-000083', 'D01', 18),
(166, 'TJ-000083', 'D02', 14),
(167, 'TJ-000084', 'D01', 20),
(168, 'TJ-000084', 'D02', 16),
(169, 'TJ-000085', 'D01', 21),
(170, 'TJ-000085', 'D02', 15),
(171, 'TJ-000086', 'D01', 19),
(172, 'TJ-000086', 'D02', 14),
(173, 'TJ-000087', 'D01', 21),
(174, 'TJ-000087', 'D02', 18),
(175, 'TJ-000088', 'D01', 22),
(176, 'TJ-000088', 'D02', 17),
(177, 'TJ-000089', 'D01', 18),
(178, 'TJ-000089', 'D02', 16),
(179, 'TJ-000090', 'D01', 21),
(180, 'TJ-000090', 'D02', 15),
(181, 'TJ-000091', 'D01', 27),
(182, 'TJ-000091', 'D02', 17),
(183, 'TJ-000092', 'D01', 26),
(184, 'TJ-000092', 'D02', 15),
(185, 'TJ-000093', 'D01', 28),
(186, 'TJ-000093', 'D02', 15),
(187, 'TJ-000094', 'D01', 26),
(188, 'TJ-000094', 'D02', 14),
(189, 'TJ-000095', 'D01', 21),
(190, 'TJ-000095', 'D02', 18),
(191, 'TJ-000096', 'D01', 19),
(192, 'TJ-000096', 'D02', 16),
(193, 'TJ-000097', 'D01', 21),
(194, 'TJ-000097', 'D02', 15),
(195, 'TJ-000098', 'D01', 20),
(196, 'TJ-000098', 'D02', 17),
(197, 'TJ-000099', 'D01', 21),
(198, 'TJ-000099', 'D02', 18),
(199, 'TJ-000100', 'D01', 19),
(200, 'TJ-000100', 'D02', 15),
(201, 'TJ-000101', 'D01', 20),
(202, 'TJ-000101', 'D02', 14),
(203, 'TJ-000102', 'D01', 19),
(204, 'TJ-000102', 'D02', 15),
(205, 'TJ-000103', 'D01', 19),
(206, 'TJ-000103', 'D02', 16),
(207, 'TJ-000104', 'D01', 20),
(208, 'TJ-000104', 'D02', 14),
(209, 'TJ-000105', 'D01', 18),
(210, 'TJ-000105', 'D02', 17),
(211, 'TJ-000106', 'D01', 19),
(212, 'TJ-000106', 'D02', 16),
(213, 'TJ-000107', 'D01', 20),
(214, 'TJ-000107', 'D02', 16),
(215, 'TJ-000108', 'D01', 26),
(216, 'TJ-000108', 'D02', 17),
(217, 'TJ-000109', 'D01', 29),
(218, 'TJ-000109', 'D02', 18),
(219, 'TJ-000110', 'D01', 22),
(220, 'TJ-000110', 'D02', 16),
(221, 'TJ-000111', 'D01', 21),
(222, 'TJ-000111', 'D02', 14),
(223, 'TJ-000112', 'D01', 22),
(224, 'TJ-000112', 'D02', 15),
(225, 'TJ-000113', 'D01', 18),
(226, 'TJ-000113', 'D02', 14),
(227, 'TJ-000114', 'D01', 19),
(228, 'TJ-000114', 'D02', 16),
(229, 'TJ-000115', 'D01', 19),
(230, 'TJ-000115', 'D02', 18),
(231, 'TJ-000116', 'D01', 22),
(232, 'TJ-000116', 'D02', 17),
(233, 'TJ-000117', 'D01', 21),
(234, 'TJ-000117', 'D02', 14),
(235, 'TJ-000118', 'D01', 18),
(236, 'TJ-000118', 'D02', 18),
(237, 'TJ-000119', 'D01', 20),
(238, 'TJ-000119', 'D02', 14),
(239, 'TJ-000120', 'D01', 27),
(240, 'TJ-000120', 'D02', 14),
(241, 'TJ-000121', 'D01', 21),
(242, 'TJ-000121', 'D02', 18),
(243, 'TJ-000122', 'D01', 19),
(244, 'TJ-000122', 'D02', 15),
(245, 'TJ-000123', 'D01', 29),
(246, 'TJ-000123', 'D02', 18),
(247, 'TJ-000124', 'D01', 31),
(248, 'TJ-000124', 'D02', 17),
(249, 'TJ-000125', 'D01', 33),
(250, 'TJ-000125', 'D02', 15),
(251, 'TJ-000126', 'D01', 32),
(252, 'TJ-000126', 'D02', 15),
(253, 'TJ-000127', 'D01', 32),
(254, 'TJ-000127', 'D02', 14),
(255, 'TJ-000128', 'D01', 29),
(256, 'TJ-000128', 'D02', 14),
(257, 'TJ-000129', 'D01', 28),
(258, 'TJ-000129', 'D02', 18),
(259, 'TJ-000130', 'D01', 28),
(260, 'TJ-000130', 'D02', 18),
(261, 'TJ-000131', 'D01', 29),
(262, 'TJ-000131', 'D02', 14),
(263, 'TJ-000132', 'D01', 32),
(264, 'TJ-000132', 'D02', 16),
(265, 'TJ-000133', 'D01', 29),
(266, 'TJ-000133', 'D02', 17),
(267, 'TJ-000134', 'D01', 28),
(268, 'TJ-000134', 'D02', 16),
(269, 'TJ-000135', 'D01', 27),
(270, 'TJ-000135', 'D02', 18),
(271, 'TJ-000136', 'D01', 28),
(272, 'TJ-000136', 'D02', 15),
(273, 'TJ-000137', 'D01', 26),
(274, 'TJ-000137', 'D02', 16),
(275, 'TJ-000138', 'D01', 23),
(276, 'TJ-000138', 'D02', 17),
(277, 'TJ-000139', 'D01', 28),
(278, 'TJ-000139', 'D02', 18),
(279, 'TJ-000140', 'D01', 21),
(280, 'TJ-000140', 'D02', 14),
(281, 'TJ-000141', 'D01', 22),
(282, 'TJ-000141', 'D02', 16),
(283, 'TJ-000142', 'D01', 19),
(284, 'TJ-000142', 'D02', 14),
(285, 'TJ-000143', 'D01', 18),
(286, 'TJ-000143', 'D02', 16),
(287, 'TJ-000144', 'D01', 21),
(288, 'TJ-000144', 'D02', 17),
(289, 'TJ-000145', 'D01', 20),
(290, 'TJ-000145', 'D02', 14),
(291, 'TJ-000146', 'D01', 21),
(292, 'TJ-000146', 'D02', 18),
(293, 'TJ-000147', 'D01', 18),
(294, 'TJ-000147', 'D02', 15),
(295, 'TJ-000148', 'D01', 19),
(296, 'TJ-000148', 'D02', 17),
(297, 'TJ-000149', 'D01', 23),
(298, 'TJ-000149', 'D02', 18),
(299, 'TJ-000150', 'D01', 28),
(300, 'TJ-000150', 'D02', 16),
(301, 'TJ-000151', 'D01', 31),
(302, 'TJ-000151', 'D02', 17),
(303, 'TJ-000152', 'D01', 33),
(304, 'TJ-000152', 'D02', 14),
(305, 'TJ-000153', 'D01', 42),
(306, 'TJ-000153', 'D02', 16),
(307, 'TJ-000154', 'D01', 44),
(308, 'TJ-000154', 'D02', 14),
(309, 'TJ-000155', 'D01', 43),
(310, 'TJ-000155', 'D02', 16),
(311, 'TJ-000156', 'D01', 40),
(312, 'TJ-000156', 'D02', 15),
(313, 'TJ-000157', 'D01', 42),
(314, 'TJ-000157', 'D02', 16),
(315, 'TJ-000158', 'D01', 38),
(316, 'TJ-000158', 'D02', 15),
(317, 'TJ-000159', 'D01', 39),
(318, 'TJ-000159', 'D02', 17),
(319, 'TJ-000160', 'D01', 20),
(320, 'TJ-000160', 'D02', 15),
(321, 'TJ-000161', 'D01', 19),
(322, 'TJ-000161', 'D02', 15),
(323, 'TJ-000162', 'D01', 20),
(324, 'TJ-000162', 'D02', 18),
(325, 'TJ-000163', 'D01', 21),
(326, 'TJ-000163', 'D02', 14),
(327, 'TJ-000164', 'D01', 18),
(328, 'TJ-000164', 'D02', 16),
(329, 'TJ-000165', 'D01', 20),
(330, 'TJ-000165', 'D02', 17),
(331, 'TJ-000166', 'D01', 19),
(332, 'TJ-000166', 'D02', 15),
(333, 'TJ-000167', 'D01', 21),
(334, 'TJ-000167', 'D02', 17),
(335, 'TJ-000168', 'D01', 20),
(336, 'TJ-000168', 'D02', 14),
(337, 'TJ-000169', 'D01', 18),
(338, 'TJ-000169', 'D02', 17),
(339, 'TJ-000170', 'D01', 20),
(340, 'TJ-000170', 'D02', 15),
(341, 'TJ-000171', 'D01', 21),
(342, 'TJ-000171', 'D02', 16),
(343, 'TJ-000172', 'D01', 18),
(344, 'TJ-000172', 'D02', 16),
(345, 'TJ-000173', 'D01', 22),
(346, 'TJ-000173', 'D02', 15),
(347, 'TJ-000174', 'D01', 21),
(348, 'TJ-000174', 'D02', 16),
(349, 'TJ-000175', 'D01', 18),
(350, 'TJ-000175', 'D02', 15),
(351, 'TJ-000176', 'D01', 20),
(352, 'TJ-000176', 'D02', 14),
(353, 'TJ-000177', 'D01', 18),
(354, 'TJ-000177', 'D02', 15),
(355, 'TJ-000178', 'D01', 21),
(356, 'TJ-000178', 'D02', 15),
(357, 'TJ-000179', 'D01', 22),
(358, 'TJ-000179', 'D02', 14),
(359, 'TJ-000180', 'D01', 18),
(360, 'TJ-000180', 'D02', 18),
(361, 'TJ-000181', 'D01', 19),
(362, 'TJ-000181', 'D02', 15),
(363, 'TJ-000182', 'D01', 20),
(364, 'TJ-000182', 'D02', 17),
(365, 'TJ-000183', 'D01', 22),
(366, 'TJ-000183', 'D02', 16),
(367, 'TJ-000184', 'D01', 19),
(368, 'TJ-000184', 'D02', 17),
(369, 'TJ-000185', 'D01', 21),
(370, 'TJ-000185', 'D02', 15),
(371, 'TJ-000186', 'D01', 18),
(372, 'TJ-000186', 'D02', 15),
(373, 'TJ-000187', 'D01', 20),
(374, 'TJ-000187', 'D02', 14),
(375, 'TJ-000188', 'D01', 21),
(376, 'TJ-000188', 'D02', 17),
(377, 'TJ-000189', 'D01', 21),
(378, 'TJ-000189', 'D02', 15),
(379, 'TJ-000190', 'D01', 19),
(380, 'TJ-000190', 'D02', 16),
(381, 'TJ-000191', 'D01', 20),
(382, 'TJ-000191', 'D02', 15),
(383, 'TJ-000192', 'D01', 18),
(384, 'TJ-000192', 'D02', 17),
(385, 'TJ-000193', 'D01', 19),
(386, 'TJ-000193', 'D02', 15),
(387, 'TJ-000194', 'D01', 21),
(388, 'TJ-000194', 'D02', 14),
(389, 'TJ-000195', 'D01', 20),
(390, 'TJ-000195', 'D02', 16),
(391, 'TJ-000196', 'D01', 22),
(392, 'TJ-000196', 'D02', 17),
(393, 'TJ-000197', 'D01', 20),
(394, 'TJ-000197', 'D02', 14),
(395, 'TJ-000198', 'D01', 20),
(396, 'TJ-000198', 'D02', 18),
(397, 'TJ-000199', 'D01', 18),
(398, 'TJ-000199', 'D02', 16),
(399, 'TJ-000200', 'D01', 19),
(400, 'TJ-000200', 'D02', 17),
(401, 'TJ-000201', 'D01', 18),
(402, 'TJ-000201', 'D02', 18),
(403, 'TJ-000202', 'D01', 20),
(404, 'TJ-000202', 'D02', 15),
(405, 'TJ-000203', 'D01', 21),
(406, 'TJ-000203', 'D02', 16),
(407, 'TJ-000204', 'D01', 22),
(408, 'TJ-000204', 'D02', 18),
(409, 'TJ-000205', 'D01', 20),
(410, 'TJ-000205', 'D02', 15),
(411, 'TJ-000206', 'D01', 18),
(412, 'TJ-000206', 'D02', 15),
(413, 'TJ-000207', 'D01', 19),
(414, 'TJ-000207', 'D02', 16),
(415, 'TJ-000208', 'D01', 19),
(416, 'TJ-000208', 'D02', 17),
(417, 'TJ-000209', 'D01', 20),
(418, 'TJ-000209', 'D02', 17),
(419, 'TJ-000210', 'D01', 21),
(420, 'TJ-000210', 'D02', 18),
(421, 'TJ-000211', 'D01', 19),
(422, 'TJ-000211', 'D02', 14),
(423, 'TJ-000212', 'D01', 18),
(424, 'TJ-000212', 'D02', 17),
(425, 'TJ-000213', 'D01', 21),
(426, 'TJ-000213', 'D02', 16),
(427, 'TJ-000214', 'D01', 20),
(428, 'TJ-000214', 'D02', 16),
(429, 'TJ-000215', 'D01', 21),
(430, 'TJ-000215', 'D02', 14),
(431, 'TJ-000216', 'D01', 22),
(432, 'TJ-000216', 'D02', 15),
(433, 'TJ-000217', 'D01', 19),
(434, 'TJ-000217', 'D02', 17),
(435, 'TJ-000218', 'D01', 20),
(436, 'TJ-000218', 'D02', 16),
(437, 'TJ-000219', 'D01', 18),
(438, 'TJ-000219', 'D02', 18),
(439, 'TJ-000220', 'D01', 21),
(440, 'TJ-000220', 'D02', 14),
(441, 'TJ-000221', 'D01', 24),
(442, 'TJ-000221', 'D02', 15),
(443, 'TJ-000222', 'D01', 27),
(444, 'TJ-000222', 'D02', 15),
(445, 'TJ-000223', 'D01', 29),
(446, 'TJ-000223', 'D02', 14),
(447, 'TJ-000224', 'D01', 28),
(448, 'TJ-000224', 'D02', 14),
(449, 'TJ-000225', 'D01', 25),
(450, 'TJ-000225', 'D02', 15),
(451, 'TJ-000226', 'D01', 22),
(452, 'TJ-000226', 'D02', 17),
(453, 'TJ-000227', 'D01', 21),
(454, 'TJ-000227', 'D02', 18),
(455, 'TJ-000228', 'D01', 22),
(456, 'TJ-000228', 'D02', 17),
(457, 'TJ-000229', 'D01', 27),
(458, 'TJ-000229', 'D02', 18),
(459, 'TJ-000230', 'D01', 24),
(460, 'TJ-000230', 'D02', 18),
(461, 'TJ-000231', 'D01', 22),
(462, 'TJ-000231', 'D02', 17),
(463, 'TJ-000232', 'D01', 18),
(464, 'TJ-000232', 'D02', 15),
(465, 'TJ-000233', 'D01', 20),
(466, 'TJ-000233', 'D02', 14),
(467, 'TJ-000234', 'D01', 19),
(468, 'TJ-000234', 'D02', 17),
(469, 'TJ-000235', 'D01', 21),
(470, 'TJ-000235', 'D02', 15),
(471, 'TJ-000236', 'D01', 20),
(472, 'TJ-000236', 'D02', 14),
(473, 'TJ-000237', 'D01', 22),
(474, 'TJ-000237', 'D02', 15),
(475, 'TJ-000238', 'D01', 20),
(476, 'TJ-000238', 'D02', 14),
(477, 'TJ-000239', 'D01', 20),
(478, 'TJ-000239', 'D02', 15),
(479, 'TJ-000240', 'D01', 21),
(480, 'TJ-000240', 'D02', 15),
(481, 'TJ-000241', 'D01', 19),
(482, 'TJ-000241', 'D02', 17),
(483, 'TJ-000242', 'D01', 24),
(484, 'TJ-000242', 'D02', 16),
(485, 'TJ-000243', 'D01', 25),
(486, 'TJ-000243', 'D02', 15),
(487, 'TJ-000244', 'D01', 23),
(488, 'TJ-000244', 'D02', 18),
(489, 'TJ-000245', 'D01', 21),
(490, 'TJ-000245', 'D02', 15),
(491, 'TJ-000246', 'D01', 19),
(492, 'TJ-000246', 'D02', 16),
(493, 'TJ-000247', 'D01', 20),
(494, 'TJ-000247', 'D02', 14),
(495, 'TJ-000248', 'D01', 22),
(496, 'TJ-000248', 'D02', 17),
(497, 'TJ-000249', 'D01', 18),
(498, 'TJ-000249', 'D02', 15),
(499, 'TJ-000250', 'D01', 20),
(500, 'TJ-000250', 'D02', 14),
(501, 'TJ-000251', 'D01', 18),
(502, 'TJ-000251', 'D02', 17),
(503, 'TJ-000252', 'D01', 22),
(504, 'TJ-000252', 'D02', 15),
(505, 'TJ-000253', 'D01', 18),
(506, 'TJ-000253', 'D02', 14),
(507, 'TJ-000254', 'D01', 19),
(508, 'TJ-000254', 'D02', 14),
(509, 'TJ-000255', 'D01', 18),
(510, 'TJ-000255', 'D02', 18),
(511, 'TJ-000256', 'D01', 21),
(512, 'TJ-000256', 'D02', 15),
(513, 'TJ-000257', 'D01', 20),
(514, 'TJ-000257', 'D02', 14),
(515, 'TJ-000258', 'D01', 20),
(516, 'TJ-000258', 'D02', 16),
(517, 'TJ-000259', 'D01', 20),
(518, 'TJ-000259', 'D02', 17),
(519, 'TJ-000260', 'D01', 18),
(520, 'TJ-000260', 'D02', 18),
(521, 'TJ-000261', 'D01', 19),
(522, 'TJ-000261', 'D02', 14),
(523, 'TJ-000262', 'D01', 18),
(524, 'TJ-000262', 'D02', 17),
(525, 'TJ-000263', 'D01', 20),
(526, 'TJ-000263', 'D02', 16),
(527, 'TJ-000264', 'D01', 21),
(528, 'TJ-000264', 'D02', 18),
(529, 'TJ-000265', 'D01', 22),
(530, 'TJ-000265', 'D02', 16),
(531, 'TJ-000266', 'D01', 20),
(532, 'TJ-000266', 'D02', 14),
(533, 'TJ-000267', 'D01', 18),
(534, 'TJ-000267', 'D02', 18),
(535, 'TJ-000268', 'D01', 19),
(536, 'TJ-000268', 'D02', 16),
(537, 'TJ-000269', 'D01', 19),
(538, 'TJ-000269', 'D02', 15),
(539, 'TJ-000270', 'D01', 20),
(540, 'TJ-000270', 'D02', 16),
(541, 'TJ-000271', 'D01', 21),
(542, 'TJ-000271', 'D02', 17),
(543, 'TJ-000272', 'D01', 19),
(544, 'TJ-000272', 'D02', 18),
(545, 'TJ-000273', 'D01', 18),
(546, 'TJ-000273', 'D02', 14),
(547, 'TJ-000274', 'D01', 20),
(548, 'TJ-000274', 'D02', 18),
(549, 'TJ-000275', 'D01', 21),
(550, 'TJ-000275', 'D02', 15),
(551, 'TJ-000276', 'D01', 22),
(552, 'TJ-000276', 'D02', 15),
(553, 'TJ-000277', 'D01', 18),
(554, 'TJ-000277', 'D02', 16),
(555, 'TJ-000278', 'D01', 21),
(556, 'TJ-000278', 'D02', 17),
(557, 'TJ-000279', 'D01', 19),
(558, 'TJ-000279', 'D02', 17),
(559, 'TJ-000280', 'D01', 21),
(560, 'TJ-000280', 'D02', 18),
(561, 'TJ-000281', 'D01', 20),
(562, 'TJ-000281', 'D02', 14),
(563, 'TJ-000282', 'D01', 21),
(564, 'TJ-000282', 'D02', 17),
(565, 'TJ-000283', 'D01', 19),
(566, 'TJ-000283', 'D02', 16),
(567, 'TJ-000284', 'D01', 20),
(568, 'TJ-000284', 'D02', 16),
(569, 'TJ-000285', 'D01', 19),
(570, 'TJ-000285', 'D02', 14),
(571, 'TJ-000286', 'D01', 19),
(572, 'TJ-000286', 'D02', 15),
(573, 'TJ-000287', 'D01', 20),
(574, 'TJ-000287', 'D02', 17),
(575, 'TJ-000288', 'D01', 18),
(576, 'TJ-000288', 'D02', 16),
(577, 'TJ-000289', 'D01', 19),
(578, 'TJ-000289', 'D02', 18),
(579, 'TJ-000290', 'D01', 19),
(580, 'TJ-000290', 'D02', 14),
(581, 'TJ-000291', 'D01', 22),
(582, 'TJ-000291', 'D02', 15),
(583, 'TJ-000292', 'D01', 18),
(584, 'TJ-000292', 'D02', 15),
(585, 'TJ-000293', 'D01', 21),
(586, 'TJ-000293', 'D02', 18),
(587, 'TJ-000294', 'D01', 18),
(588, 'TJ-000294', 'D02', 16),
(589, 'TJ-000295', 'D01', 20),
(590, 'TJ-000295', 'D02', 14),
(591, 'TJ-000296', 'D01', 18),
(592, 'TJ-000296', 'D02', 15),
(593, 'TJ-000297', 'D01', 19),
(594, 'TJ-000297', 'D02', 14),
(595, 'TJ-000298', 'D01', 19),
(596, 'TJ-000298', 'D02', 16),
(597, 'TJ-000299', 'D01', 18),
(598, 'TJ-000299', 'D02', 18),
(599, 'TJ-000300', 'D01', 20),
(600, 'TJ-000300', 'D02', 17),
(601, 'TJ-000301', 'D01', 21),
(602, 'TJ-000301', 'D02', 14),
(603, 'TJ-000302', 'D01', 19),
(604, 'TJ-000302', 'D02', 18),
(605, 'TJ-000303', 'D01', 21),
(606, 'TJ-000303', 'D02', 14),
(607, 'TJ-000304', 'D01', 22),
(608, 'TJ-000304', 'D02', 17),
(609, 'TJ-000305', 'D01', 19),
(610, 'TJ-000305', 'D02', 18),
(611, 'TJ-000306', 'D01', 20),
(612, 'TJ-000306', 'D02', 15),
(613, 'TJ-000307', 'D01', 18),
(614, 'TJ-000307', 'D02', 18),
(615, 'TJ-000308', 'D01', 21),
(616, 'TJ-000308', 'D02', 17),
(617, 'TJ-000309', 'D01', 18),
(618, 'TJ-000309', 'D02', 15),
(619, 'TJ-000310', 'D01', 19),
(620, 'TJ-000310', 'D02', 14),
(621, 'TJ-000311', 'D01', 25),
(622, 'TJ-000311', 'D02', 16),
(623, 'TJ-000312', 'D01', 29),
(624, 'TJ-000312', 'D02', 16),
(625, 'TJ-000313', 'D01', 30),
(626, 'TJ-000313', 'D02', 18),
(627, 'TJ-000314', 'D01', 28),
(628, 'TJ-000314', 'D02', 18),
(629, 'TJ-000315', 'D01', 21),
(630, 'TJ-000315', 'D02', 14),
(631, 'TJ-000316', 'D01', 19),
(632, 'TJ-000316', 'D02', 17),
(633, 'TJ-000317', 'D01', 20),
(634, 'TJ-000317', 'D02', 15),
(635, 'TJ-000318', 'D01', 18),
(636, 'TJ-000318', 'D02', 17),
(637, 'TJ-000319', 'D01', 19),
(638, 'TJ-000319', 'D02', 14),
(639, 'TJ-000320', 'D01', 18),
(640, 'TJ-000320', 'D02', 18),
(641, 'TJ-000321', 'D01', 20),
(642, 'TJ-000321', 'D02', 15),
(643, 'TJ-000322', 'D01', 20),
(644, 'TJ-000322', 'D02', 16),
(645, 'TJ-000323', 'D01', 19),
(646, 'TJ-000323', 'D02', 18),
(647, 'TJ-000324', 'D01', 18),
(648, 'TJ-000324', 'D02', 17),
(649, 'TJ-000325', 'D01', 20),
(650, 'TJ-000325', 'D02', 14),
(651, 'TJ-000326', 'D01', 17),
(652, 'TJ-000326', 'D02', 16),
(653, 'TJ-000327', 'D01', 20),
(654, 'TJ-000327', 'D02', 15),
(655, 'TJ-000328', 'D01', 19),
(656, 'TJ-000328', 'D02', 14),
(657, 'TJ-000329', 'D01', 21),
(658, 'TJ-000329', 'D02', 18),
(659, 'TJ-000330', 'D01', 22),
(660, 'TJ-000330', 'D02', 17),
(661, 'TJ-000331', 'D01', 19),
(662, 'TJ-000331', 'D02', 16),
(663, 'TJ-000332', 'D01', 22),
(664, 'TJ-000332', 'D02', 15),
(665, 'TJ-000333', 'D01', 21),
(666, 'TJ-000333', 'D02', 18),
(667, 'TJ-000334', 'D01', 21),
(668, 'TJ-000334', 'D02', 14),
(669, 'TJ-000335', 'D01', 18),
(670, 'TJ-000335', 'D02', 17),
(671, 'TJ-000336', 'D01', 19),
(672, 'TJ-000336', 'D02', 17),
(673, 'TJ-000337', 'D01', 22),
(674, 'TJ-000337', 'D02', 18),
(675, 'TJ-000338', 'D01', 20),
(676, 'TJ-000338', 'D02', 16),
(677, 'TJ-000339', 'D01', 21),
(678, 'TJ-000339', 'D02', 15),
(679, 'TJ-000340', 'D01', 22),
(680, 'TJ-000340', 'D02', 17),
(681, 'TJ-000341', 'D01', 20),
(682, 'TJ-000341', 'D02', 18),
(683, 'TJ-000342', 'D01', 18),
(684, 'TJ-000342', 'D02', 17),
(685, 'TJ-000343', 'D01', 20),
(686, 'TJ-000343', 'D02', 16),
(687, 'TJ-000344', 'D01', 19),
(688, 'TJ-000344', 'D02', 15),
(689, 'TJ-000345', 'D01', 22),
(690, 'TJ-000345', 'D02', 16),
(691, 'TJ-000346', 'D01', 21),
(692, 'TJ-000346', 'D02', 18),
(693, 'TJ-000347', 'D01', 21),
(694, 'TJ-000347', 'D02', 17),
(695, 'TJ-000348', 'D01', 20),
(696, 'TJ-000348', 'D02', 16),
(697, 'TJ-000349', 'D01', 21),
(698, 'TJ-000349', 'D02', 16),
(699, 'TJ-000350', 'D01', 21),
(700, 'TJ-000350', 'D02', 17),
(701, 'TJ-000351', 'D01', 19),
(702, 'TJ-000351', 'D02', 15),
(703, 'TJ-000352', 'D01', 18),
(704, 'TJ-000352', 'D02', 14),
(705, 'TJ-000353', 'D01', 19),
(706, 'TJ-000353', 'D02', 16),
(707, 'TJ-000354', 'D01', 22),
(708, 'TJ-000354', 'D02', 15),
(709, 'TJ-000355', 'D01', 21),
(710, 'TJ-000355', 'D02', 16),
(711, 'TJ-000356', 'D01', 24),
(712, 'TJ-000356', 'D02', 17),
(713, 'TJ-000357', 'D01', 26),
(714, 'TJ-000357', 'D02', 18),
(715, 'TJ-000358', 'D01', 29),
(716, 'TJ-000358', 'D02', 16),
(717, 'TJ-000359', 'D01', 27),
(718, 'TJ-000359', 'D02', 18),
(719, 'TJ-000360', 'D01', 24),
(720, 'TJ-000360', 'D02', 16),
(721, 'TJ-000361', 'D01', 21),
(722, 'TJ-000361', 'D02', 15),
(723, 'TJ-000362', 'D01', 21),
(724, 'TJ-000362', 'D02', 15),
(725, 'TJ-000363', 'D01', 26),
(726, 'TJ-000363', 'D02', 18),
(727, 'TJ-000364', 'D01', 29),
(728, 'TJ-000364', 'D02', 19),
(729, 'TJ-000365', 'D01', 31),
(730, 'TJ-000365', 'D02', 20),
(731, 'TJ-000366', 'D01', 29),
(732, 'TJ-000366', 'D02', 18),
(733, 'TJ-000367', 'D01', 28),
(734, 'TJ-000367', 'D02', 17),
(735, 'TJ-000368', 'D01', 26),
(736, 'TJ-000368', 'D02', 15),
(737, 'TJ-000369', 'D01', 25),
(738, 'TJ-000369', 'D02', 15),
(739, 'TJ-000370', 'D01', 22),
(740, 'TJ-000370', 'D02', 15),
(741, 'TJ-000371', 'D01', 24),
(742, 'TJ-000371', 'D02', 14),
(743, 'TJ-000372', 'D01', 23),
(744, 'TJ-000372', 'D02', 13),
(745, 'TJ-000373', 'D01', 23),
(746, 'TJ-000373', 'D02', 14),
(747, 'TJ-000374', 'D01', 25),
(748, 'TJ-000374', 'D02', 15),
(749, 'TJ-000375', 'D01', 23),
(750, 'TJ-000375', 'D02', 16),
(755, 'TJ-000376', 'D01', 22),
(756, 'TJ-000376', 'D02', 15),
(757, 'TJ-000377', 'D01', 24),
(758, 'TJ-000377', 'D02', 14),
(759, 'TJ-000378', 'D01', 24),
(760, 'TJ-000378', 'D02', 12),
(761, 'TJ-000379', 'D01', 25),
(762, 'TJ-000379', 'D02', 14),
(763, 'TJ-000380', 'D01', 26),
(764, 'TJ-000380', 'D02', 15),
(765, 'TJ-000381', 'D01', 24),
(766, 'TJ-000381', 'D02', 14),
(767, 'TJ-000382', 'D01', 22),
(768, 'TJ-000382', 'D02', 15),
(769, 'TJ-000383', 'D01', 24),
(770, 'TJ-000383', 'D02', 14),
(771, 'TJ-000384', 'D01', 23),
(772, 'TJ-000384', 'D02', 16),
(773, 'TJ-000385', 'D01', 22),
(774, 'TJ-000385', 'D02', 15),
(775, 'TJ-000386', 'D01', 25),
(776, 'TJ-000386', 'D02', 12),
(777, 'TJ-000387', 'D01', 24),
(778, 'TJ-000387', 'D02', 14),
(779, 'TJ-000388', 'D01', 26),
(780, 'TJ-000388', 'D02', 15),
(781, 'TJ-000389', 'D01', 25),
(782, 'TJ-000389', 'D02', 12),
(783, 'TJ-000390', 'D01', 23),
(784, 'TJ-000390', 'D02', 14),
(785, 'TJ-000391', 'D01', 22),
(786, 'TJ-000391', 'D02', 13),
(787, 'TJ-000392', 'D01', 25),
(788, 'TJ-000392', 'D02', 15),
(789, 'TJ-000393', 'D01', 25),
(790, 'TJ-000393', 'D02', 16),
(791, 'TJ-000394', 'D01', 23),
(792, 'TJ-000394', 'D02', 14),
(793, 'TJ-000395', 'D01', 23),
(794, 'TJ-000395', 'D02', 12),
(796, 'TJ-000396', 'D01', 23),
(797, 'TJ-000396', 'D02', 13),
(798, 'TJ-000397', 'D01', 24),
(799, 'TJ-000397', 'D02', 15),
(800, 'TJ-000398', 'D01', 25),
(801, 'TJ-000398', 'D02', 16),
(802, 'TJ-000399', 'D01', 25),
(803, 'TJ-000399', 'D02', 14),
(804, 'TJ-000400', 'D01', 21),
(805, 'TJ-000400', 'D02', 15),
(806, 'TJ-000401', 'D01', 25),
(807, 'TJ-000401', 'D02', 15),
(808, 'TJ-000402', 'D01', 24),
(809, 'TJ-000402', 'D02', 13),
(810, 'TJ-000403', 'D01', 27),
(811, 'TJ-000403', 'D02', 14),
(812, 'TJ-000404', 'D01', 25),
(813, 'TJ-000404', 'D02', 12),
(814, 'TJ-000405', 'D01', 24),
(815, 'TJ-000405', 'D02', 16),
(816, 'TJ-000406', 'D01', 22),
(817, 'TJ-000406', 'D02', 16),
(818, 'TJ-000407', 'D01', 27),
(819, 'TJ-000407', 'D02', 12),
(820, 'TJ-000408', 'D01', 27),
(821, 'TJ-000408', 'D02', 15),
(822, 'TJ-000409', 'D01', 28),
(823, 'TJ-000409', 'D02', 12),
(824, 'TJ-000410', 'D01', 27),
(825, 'TJ-000410', 'D02', 12),
(826, 'TJ-000411', 'D01', 23),
(827, 'TJ-000411', 'D02', 17),
(828, 'TJ-000412', 'D01', 24),
(829, 'TJ-000412', 'D02', 16),
(832, 'TJ-000413', 'D01', 23),
(833, 'TJ-000413', 'D02', 13),
(834, 'TJ-000414', 'D01', 24),
(835, 'TJ-000414', 'D02', 15),
(836, 'TJ-000415', 'D01', 26),
(837, 'TJ-000415', 'D02', 15),
(838, 'TJ-000416', 'D01', 22),
(839, 'TJ-000416', 'D02', 17),
(840, 'TJ-000417', 'D01', 25),
(841, 'TJ-000417', 'D02', 16),
(842, 'TJ-000418', 'D01', 26),
(843, 'TJ-000418', 'D02', 12),
(844, 'TJ-000419', 'D01', 27),
(845, 'TJ-000419', 'D02', 14),
(846, 'TJ-000420', 'D01', 24),
(847, 'TJ-000420', 'D02', 14);

-- --------------------------------------------------------

--
-- Table structure for table `laporan`
--

CREATE TABLE `laporan` (
  `tanggal` date NOT NULL,
  `super` int(11) NOT NULL,
  `biasa` int(11) NOT NULL
) ENGINE=InnoDB DEFAULT CHARSET=latin1;

--
-- Dumping data for table `laporan`
--

INSERT INTO `laporan` (`tanggal`, `super`, `biasa`) VALUES
('2020-02-01', 23, 13),
('2020-02-02', 24, 15),
('2020-02-03', 25, 16),
('2020-02-04', 25, 14),
('2020-02-05', 21, 15),
('2020-02-06', 25, 15),
('2020-02-07', 24, 13),
('2020-02-08', 27, 14),
('2020-02-09', 25, 12),
('2020-02-10', 24, 16),
('2020-02-11', 22, 16),
('2020-02-12', 27, 12),
('2020-02-13', 27, 15),
('2020-02-14', 28, 12),
('2020-02-15', 27, 12),
('2020-02-16', 23, 17),
('2020-02-17', 24, 16),
('2020-02-18', 23, 13),
('2020-02-19', 24, 15),
('2020-02-20', 26, 15),
('2020-02-21', 22, 17),
('2020-02-22', 25, 16),
('2020-02-23', 26, 12),
('2020-02-24', 27, 14),
('2020-02-25', 24, 14);

-- --------------------------------------------------------

--
-- Table structure for table `penjualan`
--

CREATE TABLE `penjualan` (
  `kd_jual` char(9) NOT NULL,
  `tanggal` date NOT NULL
) ENGINE=InnoDB DEFAULT CHARSET=latin1;

--
-- Dumping data for table `penjualan`
--

INSERT INTO `penjualan` (`kd_jual`, `tanggal`) VALUES
('TJ-000001', '2019-01-01'),
('TJ-000002', '2019-01-02'),
('TJ-000003', '2019-01-03'),
('TJ-000004', '2019-01-04'),
('TJ-000005', '2019-01-05'),
('TJ-000006', '2019-01-06'),
('TJ-000007', '2019-01-07'),
('TJ-000008', '2019-01-08'),
('TJ-000009', '2019-01-09'),
('TJ-000010', '2019-01-10'),
('TJ-000011', '2019-01-11'),
('TJ-000012', '2019-01-12'),
('TJ-000013', '2019-01-13'),
('TJ-000014', '2019-01-14'),
('TJ-000015', '2019-01-15'),
('TJ-000016', '2019-01-16'),
('TJ-000017', '2019-01-17'),
('TJ-000018', '2019-01-18'),
('TJ-000019', '2019-01-19'),
('TJ-000020', '2019-01-20'),
('TJ-000021', '2019-01-21'),
('TJ-000022', '2019-01-22'),
('TJ-000023', '2019-01-23'),
('TJ-000024', '2019-01-24'),
('TJ-000025', '2019-01-25'),
('TJ-000026', '2019-01-26'),
('TJ-000027', '2019-01-27'),
('TJ-000028', '2019-01-28'),
('TJ-000029', '2019-01-29'),
('TJ-000030', '2019-01-30'),
('TJ-000031', '2019-01-31'),
('TJ-000032', '2019-02-01'),
('TJ-000033', '2019-02-02'),
('TJ-000034', '2019-02-03'),
('TJ-000035', '2019-02-04'),
('TJ-000036', '2019-02-05'),
('TJ-000037', '2019-02-06'),
('TJ-000038', '2019-02-07'),
('TJ-000039', '2019-02-08'),
('TJ-000040', '2019-02-09'),
('TJ-000041', '2019-02-10'),
('TJ-000042', '2019-02-11'),
('TJ-000043', '2019-02-12'),
('TJ-000044', '2019-02-13'),
('TJ-000045', '2019-02-14'),
('TJ-000046', '2019-02-15'),
('TJ-000047', '2019-02-16'),
('TJ-000048', '2019-02-17'),
('TJ-000049', '2019-02-18'),
('TJ-000050', '2019-02-19'),
('TJ-000051', '2019-02-20'),
('TJ-000052', '2019-02-21'),
('TJ-000053', '2019-02-22'),
('TJ-000054', '2019-02-23'),
('TJ-000055', '2019-02-24'),
('TJ-000056', '2019-02-25'),
('TJ-000057', '2019-02-26'),
('TJ-000058', '2019-02-27'),
('TJ-000059', '2019-02-28'),
('TJ-000060', '2019-03-01'),
('TJ-000061', '2019-03-02'),
('TJ-000062', '2019-03-03'),
('TJ-000063', '2019-03-04'),
('TJ-000064', '2019-03-05'),
('TJ-000065', '2019-03-06'),
('TJ-000066', '2019-03-07'),
('TJ-000067', '2019-03-08'),
('TJ-000068', '2019-03-09'),
('TJ-000069', '2019-03-10'),
('TJ-000070', '2019-03-11'),
('TJ-000071', '2019-03-12'),
('TJ-000072', '2019-03-13'),
('TJ-000073', '2019-03-14'),
('TJ-000074', '2019-03-15'),
('TJ-000075', '2019-03-16'),
('TJ-000076', '2019-03-17'),
('TJ-000077', '2019-03-18'),
('TJ-000078', '2019-03-19'),
('TJ-000079', '2019-03-20'),
('TJ-000080', '2019-03-21'),
('TJ-000081', '2019-03-22'),
('TJ-000082', '2019-03-23'),
('TJ-000083', '2019-03-24'),
('TJ-000084', '2019-03-25'),
('TJ-000085', '2019-03-26'),
('TJ-000086', '2019-03-27'),
('TJ-000087', '2019-03-28'),
('TJ-000088', '2019-03-29'),
('TJ-000089', '2019-03-30'),
('TJ-000090', '2019-03-31'),
('TJ-000091', '2019-04-01'),
('TJ-000092', '2019-04-02'),
('TJ-000093', '2019-04-03'),
('TJ-000094', '2019-04-04'),
('TJ-000095', '2019-04-05'),
('TJ-000096', '2019-04-06'),
('TJ-000097', '2019-04-07'),
('TJ-000098', '2019-04-08'),
('TJ-000099', '2019-04-09'),
('TJ-000100', '2019-04-10'),
('TJ-000101', '2019-04-11'),
('TJ-000102', '2019-04-12'),
('TJ-000103', '2019-04-13'),
('TJ-000104', '2019-04-14'),
('TJ-000105', '2019-04-15'),
('TJ-000106', '2019-04-16'),
('TJ-000107', '2019-04-17'),
('TJ-000108', '2019-04-18'),
('TJ-000109', '2019-04-19'),
('TJ-000110', '2019-04-20'),
('TJ-000111', '2019-04-21'),
('TJ-000112', '2019-04-22'),
('TJ-000113', '2019-04-23'),
('TJ-000114', '2019-04-24'),
('TJ-000115', '2019-04-25'),
('TJ-000116', '2019-04-26'),
('TJ-000117', '2019-04-27'),
('TJ-000118', '2019-04-28'),
('TJ-000119', '2019-04-29'),
('TJ-000120', '2019-04-30'),
('TJ-000121', '2019-05-01'),
('TJ-000122', '2019-05-02'),
('TJ-000123', '2019-05-03'),
('TJ-000124', '2019-05-04'),
('TJ-000125', '2019-05-05'),
('TJ-000126', '2019-05-06'),
('TJ-000127', '2019-05-07'),
('TJ-000128', '2019-05-08'),
('TJ-000129', '2019-05-09'),
('TJ-000130', '2019-05-10'),
('TJ-000131', '2019-05-11'),
('TJ-000132', '2019-05-12'),
('TJ-000133', '2019-05-13'),
('TJ-000134', '2019-05-14'),
('TJ-000135', '2019-05-15'),
('TJ-000136', '2019-05-16'),
('TJ-000137', '2019-05-17'),
('TJ-000138', '2019-05-18'),
('TJ-000139', '2019-05-19'),
('TJ-000140', '2019-05-20'),
('TJ-000141', '2019-05-21'),
('TJ-000142', '2019-05-22'),
('TJ-000143', '2019-05-23'),
('TJ-000144', '2019-05-24'),
('TJ-000145', '2019-05-25'),
('TJ-000146', '2019-05-26'),
('TJ-000147', '2019-05-27'),
('TJ-000148', '2019-05-28'),
('TJ-000149', '2019-05-29'),
('TJ-000150', '2019-05-30'),
('TJ-000151', '2019-05-31'),
('TJ-000152', '2019-06-01'),
('TJ-000153', '2019-06-02'),
('TJ-000154', '2019-06-03'),
('TJ-000155', '2019-06-04'),
('TJ-000156', '2019-06-05'),
('TJ-000157', '2019-06-06'),
('TJ-000158', '2019-06-07'),
('TJ-000159', '2019-06-08'),
('TJ-000160', '2019-06-09'),
('TJ-000161', '2019-06-10'),
('TJ-000162', '2019-06-11'),
('TJ-000163', '2019-06-12'),
('TJ-000164', '2019-06-13'),
('TJ-000165', '2019-06-14'),
('TJ-000166', '2019-06-15'),
('TJ-000167', '2019-06-16'),
('TJ-000168', '2019-06-17'),
('TJ-000169', '2019-06-18'),
('TJ-000170', '2019-06-19'),
('TJ-000171', '2019-06-20'),
('TJ-000172', '2019-06-21'),
('TJ-000173', '2019-06-22'),
('TJ-000174', '2019-06-23'),
('TJ-000175', '2019-06-24'),
('TJ-000176', '2019-06-25'),
('TJ-000177', '2019-06-26'),
('TJ-000178', '2019-06-27'),
('TJ-000179', '2019-06-28'),
('TJ-000180', '2019-06-29'),
('TJ-000181', '2019-06-30'),
('TJ-000182', '2019-07-01'),
('TJ-000183', '2019-07-02'),
('TJ-000184', '2019-07-03'),
('TJ-000185', '2019-07-04'),
('TJ-000186', '2019-07-05'),
('TJ-000187', '2019-07-06'),
('TJ-000188', '2019-07-07'),
('TJ-000189', '2019-07-08'),
('TJ-000190', '2019-07-09'),
('TJ-000191', '2019-07-10'),
('TJ-000192', '2019-07-11'),
('TJ-000193', '2019-07-12'),
('TJ-000194', '2019-07-13'),
('TJ-000195', '2019-07-14'),
('TJ-000196', '2019-07-15'),
('TJ-000197', '2019-07-16'),
('TJ-000198', '2019-07-17'),
('TJ-000199', '2019-07-18'),
('TJ-000200', '2019-07-19'),
('TJ-000201', '2019-07-20'),
('TJ-000202', '2019-07-21'),
('TJ-000203', '2019-07-22'),
('TJ-000204', '2019-07-23'),
('TJ-000205', '2019-07-24'),
('TJ-000206', '2019-07-25'),
('TJ-000207', '2019-07-26'),
('TJ-000208', '2019-07-27'),
('TJ-000209', '2019-07-28'),
('TJ-000210', '2019-07-29'),
('TJ-000211', '2019-07-30'),
('TJ-000212', '2019-07-31'),
('TJ-000213', '2019-08-01'),
('TJ-000214', '2019-08-02'),
('TJ-000215', '2019-08-03'),
('TJ-000216', '2019-08-04'),
('TJ-000217', '2019-08-05'),
('TJ-000218', '2019-08-06'),
('TJ-000219', '2019-08-07'),
('TJ-000220', '2019-08-08'),
('TJ-000221', '2019-08-09'),
('TJ-000222', '2019-08-10'),
('TJ-000223', '2019-08-11'),
('TJ-000224', '2019-08-12'),
('TJ-000225', '2019-08-13'),
('TJ-000226', '2019-08-14'),
('TJ-000227', '2019-08-15'),
('TJ-000228', '2019-08-16'),
('TJ-000229', '2019-08-17'),
('TJ-000230', '2019-08-18'),
('TJ-000231', '2019-08-19'),
('TJ-000232', '2019-08-20'),
('TJ-000233', '2019-08-21'),
('TJ-000234', '2019-08-22'),
('TJ-000235', '2019-08-23'),
('TJ-000236', '2019-08-24'),
('TJ-000237', '2019-08-25'),
('TJ-000238', '2019-08-26'),
('TJ-000239', '2019-08-27'),
('TJ-000240', '2019-08-28'),
('TJ-000241', '2019-08-29'),
('TJ-000242', '2019-08-30'),
('TJ-000243', '2019-08-31'),
('TJ-000244', '2019-09-01'),
('TJ-000245', '2019-09-02'),
('TJ-000246', '2019-09-03'),
('TJ-000247', '2019-09-04'),
('TJ-000248', '2019-09-05'),
('TJ-000249', '2019-09-06'),
('TJ-000250', '2019-09-07'),
('TJ-000251', '2019-09-08'),
('TJ-000252', '2019-09-09'),
('TJ-000253', '2019-09-10'),
('TJ-000254', '2019-09-11'),
('TJ-000255', '2019-09-12'),
('TJ-000256', '2019-09-13'),
('TJ-000257', '2019-09-14'),
('TJ-000258', '2019-09-15'),
('TJ-000259', '2019-09-16'),
('TJ-000260', '2019-09-17'),
('TJ-000261', '2019-09-18'),
('TJ-000262', '2019-09-19'),
('TJ-000263', '2019-09-20'),
('TJ-000264', '2019-09-21'),
('TJ-000265', '2019-09-22'),
('TJ-000266', '2019-09-23'),
('TJ-000267', '2019-09-24'),
('TJ-000268', '2019-09-25'),
('TJ-000269', '2019-09-26'),
('TJ-000270', '2019-09-27'),
('TJ-000271', '2019-09-28'),
('TJ-000272', '2019-09-29'),
('TJ-000273', '2019-09-30'),
('TJ-000274', '2019-10-01'),
('TJ-000275', '2019-10-02'),
('TJ-000276', '2019-10-03'),
('TJ-000277', '2019-10-04'),
('TJ-000278', '2019-10-05'),
('TJ-000279', '2019-10-06'),
('TJ-000280', '2019-10-07'),
('TJ-000281', '2019-10-08'),
('TJ-000282', '2019-10-09'),
('TJ-000283', '2019-10-10'),
('TJ-000284', '2019-10-11'),
('TJ-000285', '2019-10-12'),
('TJ-000286', '2019-10-13'),
('TJ-000287', '2019-10-14'),
('TJ-000288', '2019-10-15'),
('TJ-000289', '2019-10-16'),
('TJ-000290', '2019-10-17'),
('TJ-000291', '2019-10-18'),
('TJ-000292', '2019-10-19'),
('TJ-000293', '2019-10-20'),
('TJ-000294', '2019-10-21'),
('TJ-000295', '2019-10-22'),
('TJ-000296', '2019-10-23'),
('TJ-000297', '2019-10-24'),
('TJ-000298', '2019-10-25'),
('TJ-000299', '2019-10-26'),
('TJ-000300', '2019-10-27'),
('TJ-000301', '2019-10-28'),
('TJ-000302', '2019-10-29'),
('TJ-000303', '2019-10-30'),
('TJ-000304', '2019-10-31'),
('TJ-000305', '2019-11-01'),
('TJ-000306', '2019-11-02'),
('TJ-000307', '2019-11-03'),
('TJ-000308', '2019-11-04'),
('TJ-000309', '2019-11-05'),
('TJ-000310', '2019-11-06'),
('TJ-000311', '2019-11-07'),
('TJ-000312', '2019-11-08'),
('TJ-000313', '2019-11-09'),
('TJ-000314', '2019-11-10'),
('TJ-000315', '2019-11-11'),
('TJ-000316', '2019-11-12'),
('TJ-000317', '2019-11-13'),
('TJ-000318', '2019-11-14'),
('TJ-000319', '2019-11-15'),
('TJ-000320', '2019-11-16'),
('TJ-000321', '2019-11-17'),
('TJ-000322', '2019-11-18'),
('TJ-000323', '2019-11-19'),
('TJ-000324', '2019-11-20'),
('TJ-000325', '2019-11-21'),
('TJ-000326', '2019-11-22'),
('TJ-000327', '2019-11-23'),
('TJ-000328', '2019-11-24'),
('TJ-000329', '2019-11-25'),
('TJ-000330', '2019-11-26'),
('TJ-000331', '2019-11-27'),
('TJ-000332', '2019-11-28'),
('TJ-000333', '2019-11-29'),
('TJ-000334', '2019-11-30'),
('TJ-000335', '2019-12-01'),
('TJ-000336', '2019-12-02'),
('TJ-000337', '2019-12-03'),
('TJ-000338', '2019-12-04'),
('TJ-000339', '2019-12-05'),
('TJ-000340', '2019-12-06'),
('TJ-000341', '2019-12-07'),
('TJ-000342', '2019-12-08'),
('TJ-000343', '2019-12-09'),
('TJ-000344', '2019-12-10'),
('TJ-000345', '2019-12-11'),
('TJ-000346', '2019-12-12'),
('TJ-000347', '2019-12-13'),
('TJ-000348', '2019-12-14'),
('TJ-000349', '2019-12-15'),
('TJ-000350', '2019-12-16'),
('TJ-000351', '2019-12-17'),
('TJ-000352', '2019-12-18'),
('TJ-000353', '2019-12-19'),
('TJ-000354', '2019-12-20'),
('TJ-000355', '2019-12-21'),
('TJ-000356', '2019-12-22'),
('TJ-000357', '2019-12-23'),
('TJ-000358', '2019-12-24'),
('TJ-000359', '2019-12-25'),
('TJ-000360', '2019-12-26'),
('TJ-000361', '2019-12-27'),
('TJ-000362', '2019-12-28'),
('TJ-000363', '2019-12-29'),
('TJ-000364', '2019-12-30'),
('TJ-000365', '2019-12-31'),
('TJ-000366', '2020-01-01'),
('TJ-000367', '2020-01-02'),
('TJ-000368', '2020-01-03'),
('TJ-000369', '2020-01-04'),
('TJ-000370', '2020-01-05'),
('TJ-000371', '2020-01-06'),
('TJ-000372', '2020-01-07'),
('TJ-000373', '2020-01-08'),
('TJ-000374', '2020-01-09'),
('TJ-000375', '2020-01-10'),
('TJ-000376', '2020-01-11'),
('TJ-000377', '2020-01-12'),
('TJ-000378', '2020-01-13'),
('TJ-000379', '2020-01-14'),
('TJ-000380', '2020-01-15'),
('TJ-000381', '2020-01-16'),
('TJ-000382', '2020-01-17'),
('TJ-000383', '2020-01-18'),
('TJ-000384', '2020-01-19'),
('TJ-000385', '2020-01-20'),
('TJ-000386', '2020-01-21'),
('TJ-000387', '2020-01-22'),
('TJ-000388', '2020-01-23'),
('TJ-000389', '2020-01-24'),
('TJ-000390', '2020-01-25'),
('TJ-000391', '2020-01-26'),
('TJ-000392', '2020-01-27'),
('TJ-000393', '2020-01-28'),
('TJ-000394', '2020-01-30'),
('TJ-000395', '2020-01-31'),
('TJ-000396', '2020-02-01'),
('TJ-000397', '2020-02-02'),
('TJ-000398', '2020-02-03'),
('TJ-000399', '2020-02-04'),
('TJ-000400', '2020-02-05'),
('TJ-000401', '2020-02-06'),
('TJ-000402', '2020-02-07'),
('TJ-000403', '2020-02-08'),
('TJ-000404', '2020-02-09'),
('TJ-000405', '2020-02-10'),
('TJ-000406', '2020-02-11'),
('TJ-000407', '2020-02-12'),
('TJ-000408', '2020-02-13'),
('TJ-000409', '2020-02-14'),
('TJ-000410', '2020-02-15'),
('TJ-000411', '2020-02-16'),
('TJ-000412', '2020-02-17'),
('TJ-000413', '2020-02-18'),
('TJ-000414', '2020-02-19'),
('TJ-000415', '2020-02-20'),
('TJ-000416', '2020-02-21'),
('TJ-000417', '2020-02-22'),
('TJ-000418', '2020-02-23'),
('TJ-000419', '2020-02-24'),
('TJ-000420', '2020-02-25');

-- --------------------------------------------------------

--
-- Table structure for table `prediksi`
--

CREATE TABLE `prediksi` (
  `kd_prediksi` int(11) NOT NULL,
  `jual` double NOT NULL,
  `ramal` double NOT NULL,
  `mad` double NOT NULL,
  `periode` varchar(27) NOT NULL
) ENGINE=InnoDB DEFAULT CHARSET=latin1;

--
-- Dumping data for table `prediksi`
--

INSERT INTO `prediksi` (`kd_prediksi`, `jual`, `ramal`, `mad`, `periode`) VALUES
(1, 23, 23, 0, '01/02/2020'),
(2, 24, 23.67, 0.16, '02/02/2020'),
(3, 25, 24.33, 0.33, '03/02/2020'),
(4, 25, 24.6, 0.35, '04/02/2020'),
(5, 21, 23.4, 0.76, '05/02/2020'),
(6, 25, 23.86, 0.82, '06/02/2020'),
(7, 24, 23.89, 0.72, '07/02/2020'),
(8, 27, 24.58, 0.93, '08/02/2020'),
(9, 25, 24.67, 0.87, '09/02/2020'),
(10, 24, 24.55, 0.83, '10/02/2020'),
(11, 22, 24.12, 0.95, '11/02/2020'),
(12, 27, 24.56, 1.08, '12/02/2020'),
(13, 27, 24.91, 1.15, '13/02/2020'),
(14, 28, 25.32, 1.26, '14/02/2020'),
(15, 27, 25.53, 1.28, '15/02/2020'),
(16, 23, 25.24, 1.34, '16/02/2020'),
(17, 24, 25.1, 1.32, '17/02/2020'),
(18, 23, 24.88, 1.35, '18/02/2020'),
(19, 24, 24.79, 1.32, '19/02/2020'),
(20, 26, 24.9, 1.31, '20/02/2020'),
(21, 22, 24.64, 1.38, '21/02/2020'),
(22, 25, 24.67, 1.33, '22/02/2020'),
(23, 26, 24.78, 1.32, '23/02/2020'),
(24, 27, 24.96, 1.35, '24/02/2020'),
(25, 24, 24.89, 1.34, '25/02/2020'),
(26, 0, 23.04, 2.17, '26/02/2020');

--
-- Indexes for dumped tables
--

--
-- Indexes for table `admin`
--
ALTER TABLE `admin`
  ADD PRIMARY KEY (`username`);

--
-- Indexes for table `daging`
--
ALTER TABLE `daging`
  ADD PRIMARY KEY (`kd_daging`);

--
-- Indexes for table `detail_penjualan`
--
ALTER TABLE `detail_penjualan`
  ADD PRIMARY KEY (`kd_detail`);

--
-- Indexes for table `penjualan`
--
ALTER TABLE `penjualan`
  ADD PRIMARY KEY (`kd_jual`);

--
-- Indexes for table `prediksi`
--
ALTER TABLE `prediksi`
  ADD PRIMARY KEY (`kd_prediksi`);

--
-- AUTO_INCREMENT for dumped tables
--

--
-- AUTO_INCREMENT for table `detail_penjualan`
--
ALTER TABLE `detail_penjualan`
  MODIFY `kd_detail` int(11) NOT NULL AUTO_INCREMENT, AUTO_INCREMENT=848;

--
-- AUTO_INCREMENT for table `prediksi`
--
ALTER TABLE `prediksi`
  MODIFY `kd_prediksi` int(11) NOT NULL AUTO_INCREMENT, AUTO_INCREMENT=27;
COMMIT;

/*!40101 SET CHARACTER_SET_CLIENT=@OLD_CHARACTER_SET_CLIENT */;
/*!40101 SET CHARACTER_SET_RESULTS=@OLD_CHARACTER_SET_RESULTS */;
/*!40101 SET COLLATION_CONNECTION=@OLD_COLLATION_CONNECTION */;
